{"cameraMode":{"drawMode":0,"name":"Shaded","section":"Shading Mode"},"sceneLighting":true,"audioPlay":false,"sceneViewState":{"m_AlwaysRefresh":false,"showFog":true,"showSkybox":false,"showFlares":true,"showImageEffects":true,"showParticleSystems":true,"showVisualEffectGraphs":true,"m_FxEnabled":true},"in2DMode":false,"pivot":{"x":630.5438232421875,"y":513.6307983398438,"z":14.27777099609375},"rotation":{"x":-0.03779943287372589,"y":-0.005399279296398163,"z":0.00020480882085394114,"w":-0.9992585182189941},"size":332.34716796875,"orthographic":false}