{"cameraMode":{"drawMode":0,"name":"Shaded","section":"Shading Mode"},"sceneLighting":true,"audioPlay":false,"sceneViewState":{"m_AlwaysRefresh":true,"showFog":true,"showSkybox":true,"showFlares":true,"showImageEffects":true,"showParticleSystems":true,"showVisualEffectGraphs":true,"m_FxEnabled":true},"in2DMode":false,"pivot":{"x":6.130354881286621,"y":-3.459348678588867,"z":13.323362350463868},"rotation":{"x":0.13442355394363404,"y":-0.15392251312732697,"z":0.021143082529306413,"w":0.9786656498908997},"size":40.22789764404297,"orthographic":false}