{"cameraMode":{"drawMode":0,"name":"Shaded","section":"Shading Mode"},"sceneLighting":true,"audioPlay":false,"sceneViewState":{"m_AlwaysRefresh":true,"showFog":true,"showSkybox":true,"showFlares":true,"showImageEffects":true,"showParticleSystems":true,"showVisualEffectGraphs":true,"m_FxEnabled":true},"in2DMode":false,"pivot":{"x":0.39910009503364565,"y":2.10105562210083,"z":1.0859308242797852},"rotation":{"x":0.06439822167158127,"y":0.04190047085285187,"z":-0.002705703256651759,"w":0.997036337852478},"size":5.184234619140625,"orthographic":false}